"","x"
"1","true"
"2","false"
"3","true"
"4","true"
"5","false"
"6","true"
"7","true"
"8","true"
"9","true"
"10","true"
"11","false"
"12","false"
"13","true"
"14","true"
"15","false"
"16","false"
"17","false"
"18","true"
"19","true"
"20","false"
"21","false"
"22","false"
"23","true"
"24","true"
"25","false"
"26","false"
"27","true"
"28","true"
"29","false"
"30","true"
"31","true"
"32","false"
"33","true"
"34","true"
"35","false"
"36","false"
"37","true"
"38","true"
"39","true"
"40","false"
"41","true"
"42","false"
"43","true"
"44","true"
"45","false"
"46","true"
"47","false"
"48","false"
"49","true"
"50","false"
"51","true"
"52","true"
"53","false"
"54","true"
"55","true"
"56","true"
"57","false"
"58","true"
"59","true"
"60","false"
"61","true"
"62","true"
"63","false"
"64","true"
"65","true"
"66","false"
"67","true"
"68","false"
"69","true"
"70","false"
"71","false"
"72","true"
"73","false"
"74","false"
"75","true"
"76","true"
"77","true"
"78","true"
"79","true"
"80","true"
"81","true"
"82","true"
"83","false"
"84","false"
"85","false"
"86","true"
"87","true"
"88","false"
"89","true"
"90","true"
"91","false"
"92","false"
"93","false"
"94","false"
"95","false"
"96","false"
"97","true"
"98","false"
"99","true"
"100","false"
"101","true"
"102","true"
"103","true"
"104","false"
"105","true"
"106","false"
"107","true"
"108","true"
"109","false"
"110","true"
"111","true"
"112","false"
"113","true"
"114","true"
"115","false"
"116","true"
"117","true"
"118","false"
"119","false"
"120","false"
"121","false"
"122","false"
"123","false"
"124","false"
"125","true"
"126","true"
"127","false"
"128","false"
"129","true"
"130","false"
"131","true"
"132","false"
"133","true"
"134","true"
"135","false"
"136","true"
"137","false"
"138","false"
"139","false"
"140","false"
"141","true"
"142","true"
"143","true"
"144","false"
"145","true"
"146","false"
"147","true"
"148","true"
"149","true"
"150","true"
"151","true"
"152","true"
"153","true"
"154","false"
"155","false"
"156","true"
"157","true"
"158","true"
"159","false"
"160","false"
"161","false"
"162","true"
"163","true"
"164","true"
"165","false"
"166","false"
"167","true"
"168","false"
"169","true"
"170","false"
"171","false"
"172","true"
"173","true"
"174","true"
"175","false"
"176","true"
"177","false"
"178","true"
"179","true"
"180","true"
"181","false"
"182","true"
"183","false"
"184","false"
"185","false"
"186","false"
"187","true"
"188","false"
"189","true"
"190","true"
"191","true"
"192","true"
"193","false"
"194","false"
"195","false"
"196","false"
"197","false"
"198","true"
"199","true"
"200","false"
"201","true"
"202","false"
"203","false"
"204","false"
"205","false"
"206","true"
"207","false"
"208","true"
"209","false"
"210","true"
"211","true"
"212","true"
"213","true"
"214","true"
"215","false"
"216","false"
"217","false"
"218","true"
"219","true"
"220","true"
"221","true"
"222","true"
"223","true"
"224","true"
"225","true"
"226","true"
"227","false"
"228","true"
"229","true"
"230","false"
"231","true"
"232","true"
"233","true"
"234","true"
"235","false"
"236","true"
"237","true"
"238","true"
"239","true"
"240","false"
"241","false"
"242","true"
"243","false"
"244","true"
"245","true"
"246","true"
"247","false"
"248","false"
"249","true"
"250","false"
"251","true"
"252","false"
"253","false"
"254","false"
"255","true"
"256","true"
"257","true"
"258","false"
"259","true"
"260","true"
"261","true"
"262","false"
"263","true"
"264","false"
"265","true"
"266","false"
"267","true"
"268","false"
"269","false"
"270","true"
"271","false"
"272","true"
"273","false"
"274","true"
"275","true"
"276","true"
"277","false"
"278","false"
"279","false"
"280","true"
"281","true"
"282","false"
"283","false"
"284","true"
"285","true"
"286","true"
"287","true"
"288","true"
"289","true"
"290","true"
"291","true"
"292","false"
"293","true"
"294","true"
"295","true"
"296","true"
"297","false"
"298","false"
"299","true"
"300","true"
"301","true"
"302","true"
"303","true"
"304","false"
"305","true"
"306","true"
"307","true"
"308","true"
"309","true"
"310","false"
"311","false"
"312","false"
"313","true"
"314","false"
"315","false"
"316","true"
"317","true"
"318","true"
"319","true"
"320","false"
"321","false"
"322","true"
"323","true"
"324","true"
"325","false"
"326","false"
"327","true"
"328","false"
"329","true"
"330","true"
"331","false"
"332","false"
"333","true"
"334","true"
"335","true"
"336","false"
"337","false"
"338","false"
"339","false"
"340","true"
"341","false"
"342","false"
"343","false"
"344","false"
"345","true"
"346","true"
"347","false"
"348","true"
"349","true"
"350","false"
"351","false"
"352","true"
"353","false"
"354","true"
"355","true"
"356","true"
"357","true"
"358","false"
"359","true"
"360","false"
"361","true"
"362","false"
"363","true"
"364","false"
"365","true"
"366","false"
"367","true"
"368","true"
"369","false"
"370","true"
"371","true"
"372","true"
"373","true"
"374","false"
"375","true"
"376","true"
"377","true"
"378","false"
"379","true"
"380","false"
"381","true"
"382","false"
"383","true"
"384","true"
"385","true"
"386","false"
"387","false"
"388","true"
"389","false"
"390","true"
"391","false"
"392","true"
"393","true"
"394","false"
"395","true"
"396","true"
"397","false"
"398","true"
"399","false"
"400","false"
"401","true"
"402","true"
"403","true"
"404","false"
"405","true"
"406","true"
"407","true"
"408","false"
"409","true"
"410","false"
"411","true"
"412","false"
"413","true"
"414","false"
"415","true"
"416","true"
"417","true"
"418","false"
"419","true"
"420","true"
"421","true"
"422","false"
"423","true"
"424","false"
"425","true"
"426","true"
"427","false"
"428","false"
"429","false"
"430","false"
"431","true"
"432","true"
"433","true"
"434","true"
"435","true"
"436","false"
"437","true"
"438","true"
"439","true"
"440","true"
"441","true"
"442","false"
"443","true"
"444","true"
"445","false"
"446","false"
"447","true"
"448","false"
"449","false"
"450","false"
"451","false"
"452","true"
"453","true"
"454","true"
"455","false"
"456","false"
"457","false"
"458","false"
"459","true"
"460","false"
"461","false"
"462","false"
"463","true"
"464","true"
"465","false"
"466","false"
"467","false"
"468","true"
"469","false"
"470","false"
"471","true"
"472","false"
"473","true"
"474","false"
"475","true"
"476","true"
"477","false"
"478","false"
"479","false"
"480","true"
"481","false"
"482","false"
"483","true"
"484","true"
"485","true"
"486","false"
"487","false"
"488","true"
"489","true"
"490","false"
"491","true"
"492","true"
"493","true"
"494","true"
"495","true"
"496","false"
"497","true"
"498","true"
"499","true"
"500","true"
"501","true"
"502","false"
"503","false"
"504","false"
"505","true"
"506","true"
"507","false"
"508","true"
"509","true"
"510","true"
"511","false"
"512","true"
"513","false"
"514","true"
"515","false"
"516","false"
"517","false"
"518","true"
"519","false"
"520","true"
"521","false"
"522","false"
"523","true"
"524","true"
"525","false"
"526","false"
"527","true"
"528","true"
"529","false"
"530","false"
"531","false"
"532","true"
"533","true"
"534","true"
"535","true"
"536","true"
"537","false"
"538","false"
"539","true"
"540","true"
"541","true"
"542","true"
"543","true"
"544","false"
"545","true"
"546","false"
"547","true"
"548","false"
"549","false"
"550","true"
"551","true"
"552","false"
"553","true"
"554","false"
"555","false"
"556","true"
"557","true"
"558","false"
"559","true"
"560","true"
"561","true"
"562","true"
"563","true"
"564","false"
"565","false"
"566","false"
"567","true"
"568","false"
"569","false"
"570","true"
"571","false"
"572","true"
"573","true"
"574","false"
"575","false"
"576","false"
"577","false"
"578","false"
"579","true"
"580","false"
"581","true"
"582","false"
"583","true"
"584","false"
"585","true"
"586","true"
"587","true"
"588","false"
"589","false"
"590","false"
"591","true"
"592","true"
"593","false"
"594","true"
"595","true"
"596","true"
"597","true"
"598","true"
"599","true"
"600","true"
"601","false"
"602","true"
"603","true"
"604","true"
"605","false"
"606","true"
"607","false"
"608","false"
"609","true"
"610","true"
"611","true"
"612","true"
"613","true"
"614","false"
"615","true"
"616","false"
"617","true"
"618","true"
"619","false"
"620","false"
"621","true"
"622","false"
"623","false"
"624","false"
"625","true"
"626","true"
"627","false"
"628","true"
"629","true"
"630","false"
"631","true"
"632","false"
"633","false"
"634","true"
"635","true"
"636","false"
"637","false"
"638","true"
"639","true"
"640","true"
"641","true"
"642","true"
"643","false"
"644","false"
"645","true"
"646","false"
"647","false"
"648","true"
"649","true"
"650","true"
"651","false"
"652","true"
"653","true"
"654","false"
"655","true"
"656","false"
"657","false"
"658","true"
"659","true"
"660","true"
"661","false"
"662","true"
"663","true"
"664","true"
"665","true"
"666","true"
"667","true"
"668","true"
"669","false"
"670","false"
"671","true"
"672","false"
"673","false"
"674","false"
"675","false"
"676","true"
"677","true"
"678","true"
"679","true"
"680","true"
"681","true"
"682","true"
"683","true"
"684","false"
"685","true"
"686","false"
"687","false"
"688","false"
"689","true"
"690","true"
"691","true"
"692","true"
"693","false"
"694","false"
"695","false"
"696","false"
"697","false"
"698","true"
"699","false"
"700","false"
"701","false"
"702","false"
"703","false"
"704","false"
"705","false"
"706","false"
"707","true"
"708","true"
"709","false"
"710","false"
"711","true"
"712","true"
"713","true"
"714","true"
"715","true"
"716","true"
"717","true"
"718","false"
"719","false"
"720","true"
"721","false"
"722","true"
"723","false"
"724","true"
"725","true"
"726","false"
"727","true"
"728","true"
"729","true"
"730","false"
"731","false"
"732","false"
"733","false"
"734","true"
"735","true"
"736","true"
"737","true"
"738","false"
"739","true"
"740","true"
"741","true"
"742","false"
"743","false"
"744","false"
"745","false"
"746","true"
"747","true"
"748","false"
"749","false"
"750","false"
"751","false"
"752","false"
"753","true"
"754","true"
"755","false"
"756","false"
"757","false"
"758","true"
"759","false"
"760","false"
"761","true"
"762","false"
"763","true"
"764","false"
"765","true"
"766","true"
"767","true"
"768","true"
"769","true"
"770","true"
"771","true"
"772","true"
"773","false"
"774","false"
"775","true"
"776","true"
"777","true"
"778","true"
"779","true"
"780","false"
"781","true"
"782","true"
"783","false"
"784","false"
"785","true"
"786","true"
"787","false"
"788","false"
"789","false"
"790","true"
"791","false"
"792","true"
"793","true"
"794","false"
"795","false"
"796","false"
"797","true"
"798","true"
"799","true"
"800","true"
"801","true"
"802","true"
"803","true"
"804","false"
"805","true"
"806","false"
"807","false"
"808","true"
"809","true"
"810","false"
"811","false"
"812","true"
"813","true"
"814","false"
"815","true"
"816","false"
"817","true"
"818","false"
"819","true"
"820","false"
"821","false"
"822","false"
"823","true"
"824","true"
"825","true"
"826","true"
"827","true"
"828","true"
"829","true"
"830","true"
"831","false"
"832","false"
"833","false"
"834","false"
"835","false"
"836","false"
"837","true"
"838","false"
"839","true"
"840","false"
"841","false"
"842","true"
"843","true"
"844","true"
"845","false"
"846","false"
"847","true"
"848","true"
"849","true"
"850","false"
"851","false"
"852","true"
"853","true"
"854","false"
"855","false"
"856","true"
"857","false"
"858","false"
"859","true"
"860","false"
"861","true"
"862","true"
"863","true"
"864","true"
"865","true"
"866","false"
"867","false"
"868","false"
"869","false"
"870","true"
"871","false"
"872","true"
"873","false"
"874","true"
"875","true"
"876","true"
"877","false"
"878","true"
"879","false"
"880","false"
"881","false"
"882","true"
"883","false"
"884","true"
"885","true"
"886","true"
"887","true"
"888","false"
"889","true"
"890","false"
"891","false"
"892","false"
"893","true"
"894","true"
"895","true"
"896","true"
"897","true"
"898","true"
"899","false"
"900","false"
"901","true"
"902","true"
"903","false"
"904","false"
"905","false"
"906","false"
"907","true"
"908","false"
"909","true"
"910","true"
"911","false"
"912","false"
"913","true"
"914","false"
"915","true"
"916","true"
"917","false"
"918","true"
"919","false"
"920","false"
"921","true"
"922","false"
"923","true"
"924","true"
"925","true"
"926","true"
"927","true"
"928","true"
"929","false"
"930","false"
"931","true"
"932","false"
"933","false"
"934","false"
"935","false"
"936","false"
"937","false"
"938","false"
"939","false"
"940","true"
"941","false"
"942","true"
"943","false"
"944","false"
"945","false"
"946","false"
"947","true"
"948","false"
"949","false"
"950","false"
"951","false"
"952","true"
"953","true"
"954","true"
"955","true"
"956","true"
"957","false"
"958","true"
"959","true"
"960","false"
"961","true"
"962","false"
"963","true"
"964","true"
"965","false"
"966","true"
"967","false"
"968","true"
"969","true"
"970","true"
"971","true"
"972","true"
"973","true"
"974","false"
"975","false"
"976","false"
"977","false"
"978","false"
"979","true"
"980","true"
"981","true"
"982","true"
"983","true"
"984","false"
"985","true"
"986","true"
"987","true"
"988","true"
"989","true"
"990","true"
"991","false"
"992","true"
"993","true"
"994","false"
"995","true"
"996","false"
"997","false"
"998","true"
"999","true"
"1000","true"
"1001","true"
"1002","false"
"1003","true"
"1004","false"
"1005","false"
"1006","false"
"1007","true"
"1008","false"
"1009","true"
"1010","false"
"1011","false"
"1012","false"
"1013","false"
"1014","false"
"1015","true"
"1016","true"
"1017","false"
"1018","false"
"1019","false"
"1020","true"
"1021","true"
"1022","false"
"1023","true"
"1024","true"
"1025","true"
"1026","true"
"1027","true"
"1028","true"
"1029","true"
"1030","false"
"1031","false"
"1032","true"
"1033","true"
"1034","false"
"1035","false"
"1036","false"
"1037","false"
"1038","false"
"1039","true"
"1040","false"
"1041","false"
"1042","true"
"1043","true"
"1044","true"
"1045","false"
"1046","false"
"1047","false"
"1048","false"
"1049","false"
"1050","false"
"1051","true"
"1052","false"
"1053","false"
"1054","true"
"1055","false"
"1056","true"
"1057","true"
"1058","false"
"1059","true"
"1060","false"
"1061","true"
"1062","true"
"1063","true"
"1064","true"
"1065","true"
"1066","true"
"1067","false"
"1068","false"
"1069","false"
"1070","true"
"1071","false"
"1072","false"
"1073","true"
"1074","true"
"1075","false"
"1076","false"
"1077","true"
"1078","false"
"1079","false"
"1080","false"
"1081","false"
"1082","true"
"1083","true"
"1084","true"
"1085","true"
"1086","false"
"1087","true"
"1088","true"
"1089","true"
"1090","true"
"1091","true"
"1092","true"
"1093","false"
"1094","false"
"1095","false"
"1096","true"
"1097","false"
"1098","false"
"1099","true"
"1100","false"
"1101","true"
"1102","true"
"1103","false"
"1104","true"
"1105","true"
"1106","false"
"1107","true"
"1108","false"
"1109","false"
"1110","false"
"1111","true"
"1112","false"
"1113","false"
"1114","false"
"1115","false"
"1116","true"
"1117","true"
"1118","false"
"1119","true"
"1120","false"
"1121","false"
"1122","false"
"1123","true"
"1124","true"
"1125","false"
"1126","true"
"1127","true"
"1128","false"
"1129","false"
"1130","true"
"1131","false"
"1132","true"
"1133","true"
"1134","false"
"1135","false"
"1136","true"
"1137","false"
"1138","true"
"1139","false"
"1140","true"
"1141","true"
"1142","false"
"1143","false"
"1144","false"
"1145","true"
"1146","false"
"1147","true"
"1148","false"
"1149","false"
"1150","false"
"1151","true"
"1152","true"
"1153","true"
"1154","false"
"1155","true"
"1156","true"
"1157","true"
"1158","false"
"1159","true"
"1160","true"
"1161","false"
"1162","true"
"1163","false"
"1164","false"
"1165","true"
"1166","false"
"1167","true"
"1168","true"
"1169","false"
"1170","true"
"1171","false"
"1172","false"
"1173","true"
"1174","true"
"1175","false"
"1176","false"
"1177","true"
"1178","false"
"1179","false"
"1180","false"
"1181","true"
"1182","false"
"1183","false"
"1184","true"
"1185","true"
"1186","false"
"1187","false"
"1188","false"
"1189","false"
"1190","true"
"1191","false"
"1192","false"
"1193","true"
"1194","false"
"1195","true"
"1196","true"
"1197","true"
"1198","true"
"1199","false"
"1200","false"
"1201","false"
"1202","true"
"1203","true"
"1204","true"
"1205","false"
"1206","true"
"1207","true"
"1208","true"
"1209","true"
"1210","false"
"1211","true"
"1212","true"
"1213","false"
"1214","true"
"1215","true"
"1216","true"
"1217","true"
"1218","true"
"1219","true"
"1220","false"
"1221","true"
"1222","true"
"1223","true"
"1224","true"
"1225","true"
"1226","true"
"1227","true"
"1228","true"
"1229","true"
"1230","true"
"1231","false"
"1232","false"
"1233","false"
"1234","false"
"1235","false"
"1236","false"
"1237","true"
"1238","false"
"1239","false"
"1240","false"
"1241","true"
"1242","true"
"1243","false"
"1244","false"
"1245","true"
"1246","true"
"1247","true"
"1248","false"
"1249","false"
"1250","false"
"1251","true"
"1252","false"
"1253","true"
"1254","false"
"1255","false"
"1256","true"
"1257","true"
"1258","false"
"1259","true"
"1260","true"
"1261","false"
"1262","false"
"1263","true"
"1264","false"
"1265","false"
"1266","true"
"1267","true"
"1268","true"
"1269","false"
"1270","true"
"1271","true"
"1272","true"
"1273","false"
"1274","false"
"1275","false"
"1276","false"
"1277","true"
"1278","false"
"1279","true"
"1280","false"
"1281","false"
"1282","true"
"1283","false"
"1284","false"
"1285","true"
"1286","false"
"1287","true"
"1288","false"
"1289","false"
"1290","true"
"1291","true"
"1292","false"
"1293","false"
"1294","false"
"1295","true"
"1296","true"
"1297","false"
"1298","false"
"1299","false"
"1300","false"
"1301","false"
"1302","true"
"1303","true"
"1304","false"
"1305","true"
"1306","true"
"1307","true"
"1308","true"
"1309","true"
"1310","true"
"1311","true"
"1312","false"
"1313","true"
"1314","true"
"1315","true"
"1316","true"
"1317","false"
"1318","true"
"1319","true"
"1320","true"
"1321","true"
"1322","false"
"1323","true"
"1324","false"
"1325","true"
"1326","true"
"1327","true"
"1328","true"
"1329","true"
"1330","false"
"1331","true"
"1332","true"
"1333","false"
"1334","true"
"1335","false"
"1336","true"
"1337","false"
"1338","true"
"1339","true"
"1340","true"
"1341","true"
"1342","false"
"1343","false"
"1344","false"
"1345","false"
"1346","false"
"1347","true"
"1348","false"
"1349","true"
"1350","true"
"1351","true"
"1352","false"
"1353","true"
"1354","true"
"1355","true"
"1356","true"
"1357","true"
"1358","false"
"1359","false"
"1360","false"
"1361","false"
"1362","false"
"1363","false"
"1364","true"
"1365","false"
"1366","true"
"1367","false"
"1368","false"
"1369","true"
"1370","false"
"1371","false"
"1372","false"
"1373","false"
"1374","true"
"1375","false"
"1376","false"
"1377","false"
"1378","true"
"1379","false"
"1380","true"
"1381","false"
"1382","false"
"1383","true"
"1384","true"
"1385","true"
"1386","false"
"1387","false"
"1388","false"
"1389","false"
"1390","false"
"1391","false"
"1392","true"
"1393","true"
"1394","false"
"1395","false"
"1396","false"
"1397","true"
"1398","false"
"1399","false"
"1400","true"
"1401","false"
"1402","false"
"1403","false"
"1404","true"
"1405","false"
"1406","true"
"1407","true"
"1408","true"
"1409","true"
"1410","true"
"1411","true"
"1412","true"
"1413","true"
"1414","false"
"1415","true"
"1416","true"
"1417","true"
"1418","true"
"1419","true"
"1420","true"
"1421","false"
"1422","false"
"1423","false"
"1424","false"
"1425","false"
"1426","false"
"1427","true"
"1428","false"
"1429","false"
"1430","true"
"1431","false"
"1432","true"
"1433","true"
"1434","true"
"1435","true"
"1436","true"
"1437","false"
"1438","false"
"1439","true"
"1440","false"
"1441","false"
"1442","true"
"1443","true"
"1444","true"
"1445","false"
"1446","false"
"1447","true"
"1448","false"
"1449","true"
"1450","true"
"1451","true"
"1452","true"
"1453","true"
"1454","true"
"1455","false"
"1456","false"
"1457","false"
"1458","false"
"1459","true"
"1460","true"
"1461","false"
"1462","true"
"1463","false"
"1464","true"
"1465","false"
"1466","false"
"1467","true"
"1468","false"
"1469","true"
"1470","true"
"1471","false"
"1472","true"
"1473","true"
"1474","true"
"1475","true"
"1476","false"
"1477","false"
"1478","false"
"1479","false"
"1480","true"
"1481","true"
"1482","true"
"1483","false"
"1484","true"
"1485","false"
"1486","true"
"1487","false"
"1488","false"
"1489","true"
"1490","false"
"1491","false"
"1492","true"
"1493","true"
"1494","false"
"1495","false"
"1496","true"
"1497","false"
"1498","true"
"1499","false"
"1500","true"
"1501","true"
"1502","false"
"1503","false"
"1504","true"
"1505","true"
"1506","true"
"1507","false"
"1508","false"
"1509","true"
"1510","false"
"1511","true"
"1512","false"
"1513","false"
"1514","true"
"1515","false"
"1516","true"
"1517","false"
"1518","false"
"1519","true"
"1520","true"
"1521","true"
"1522","false"
"1523","true"
"1524","false"
"1525","true"
"1526","true"
"1527","false"
"1528","true"
"1529","false"
"1530","true"
"1531","true"
"1532","false"
"1533","true"
"1534","false"
"1535","false"
"1536","false"
"1537","true"
"1538","true"
"1539","false"
"1540","false"
"1541","true"
"1542","true"
"1543","true"
"1544","false"
"1545","false"
"1546","true"
"1547","false"
"1548","true"
"1549","true"
"1550","true"
"1551","false"
"1552","true"
"1553","false"
"1554","true"
"1555","false"
"1556","true"
"1557","true"
"1558","false"
"1559","true"
"1560","false"
"1561","false"
"1562","false"
"1563","false"
"1564","true"
"1565","true"
"1566","true"
"1567","true"
"1568","false"
"1569","true"
"1570","true"
"1571","false"
"1572","false"
"1573","false"
"1574","true"
"1575","false"
"1576","false"
"1577","true"
"1578","false"
"1579","true"
"1580","false"
"1581","true"
"1582","true"
"1583","false"
"1584","false"
"1585","true"
"1586","false"
"1587","false"
"1588","false"
"1589","false"
"1590","false"
"1591","false"
"1592","true"
"1593","true"
"1594","false"
"1595","false"
"1596","false"
"1597","true"
"1598","true"
"1599","false"
"1600","true"
"1601","false"
"1602","true"
"1603","false"
"1604","false"
"1605","true"
"1606","false"
"1607","false"
"1608","false"
"1609","false"
"1610","true"
"1611","false"
"1612","true"
"1613","false"
"1614","false"
"1615","false"
"1616","true"
"1617","true"
"1618","false"
"1619","true"
"1620","false"
"1621","false"
"1622","false"
"1623","false"
"1624","false"
"1625","false"
"1626","false"
"1627","true"
"1628","true"
"1629","false"
"1630","true"
"1631","true"
"1632","true"
"1633","false"
"1634","true"
"1635","false"
"1636","true"
"1637","true"
"1638","false"
"1639","false"
"1640","true"
"1641","true"
"1642","false"
"1643","false"
"1644","false"
"1645","true"
"1646","false"
"1647","false"
"1648","true"
"1649","false"
"1650","false"
"1651","false"
"1652","true"
"1653","false"
"1654","false"
"1655","true"
"1656","true"
"1657","false"
"1658","false"
"1659","true"
"1660","true"
"1661","false"
"1662","true"
"1663","false"
"1664","true"
"1665","true"
"1666","true"
"1667","false"
"1668","true"
"1669","true"
"1670","false"
"1671","true"
"1672","true"
"1673","false"
"1674","true"
"1675","true"
"1676","true"
"1677","true"
"1678","false"
"1679","true"
"1680","true"
"1681","true"
"1682","true"
"1683","false"
"1684","false"
"1685","true"
"1686","false"
"1687","true"
"1688","false"
"1689","true"
"1690","false"
"1691","false"
"1692","false"
"1693","true"
"1694","true"
"1695","false"
"1696","true"
"1697","true"
"1698","false"
"1699","false"
"1700","false"
"1701","true"
"1702","false"
"1703","false"
"1704","false"
"1705","true"
"1706","true"
"1707","false"
"1708","true"
"1709","true"
"1710","false"
"1711","false"
"1712","true"
"1713","true"
"1714","true"
"1715","false"
"1716","true"
"1717","true"
"1718","false"
"1719","true"
"1720","true"
"1721","false"
"1722","true"
"1723","false"
"1724","false"
"1725","true"
"1726","false"
"1727","true"
"1728","true"
"1729","true"
"1730","true"
"1731","true"
"1732","true"
"1733","true"
"1734","false"
"1735","true"
"1736","false"
"1737","true"
"1738","false"
"1739","true"
"1740","false"
"1741","false"
"1742","true"
"1743","true"
"1744","true"
"1745","true"
"1746","true"
"1747","true"
"1748","true"
"1749","true"
"1750","true"
"1751","false"
"1752","true"
"1753","true"
"1754","true"
"1755","true"
"1756","true"
"1757","false"
"1758","false"
"1759","false"
"1760","true"
"1761","false"
"1762","true"
"1763","true"
"1764","true"
"1765","false"
"1766","false"
"1767","true"
"1768","true"
"1769","true"
"1770","false"
"1771","false"
"1772","true"
"1773","true"
"1774","true"
"1775","true"
"1776","true"
"1777","false"
"1778","false"
"1779","false"
"1780","true"
"1781","true"
"1782","true"
"1783","false"
"1784","false"
"1785","true"
"1786","false"
"1787","false"
"1788","false"
"1789","true"
"1790","false"
"1791","false"
"1792","false"
"1793","true"
"1794","false"
"1795","true"
"1796","false"
"1797","true"
"1798","true"
"1799","true"
"1800","false"
"1801","false"
"1802","false"
"1803","false"
"1804","true"
"1805","false"
"1806","true"
"1807","true"
"1808","true"
"1809","false"
"1810","false"
"1811","true"
"1812","true"
"1813","false"
"1814","false"
"1815","true"
"1816","true"
"1817","true"
"1818","false"
"1819","true"
"1820","false"
"1821","false"
"1822","true"
"1823","false"
"1824","true"
"1825","false"
"1826","false"
"1827","true"
"1828","false"
"1829","false"
"1830","true"
"1831","true"
"1832","false"
"1833","false"
"1834","true"
"1835","false"
"1836","false"
"1837","true"
"1838","true"
"1839","true"
"1840","false"
"1841","false"
"1842","false"
"1843","true"
"1844","true"
"1845","false"
"1846","false"
"1847","false"
"1848","false"
"1849","false"
"1850","true"
"1851","true"
"1852","false"
"1853","true"
"1854","true"
"1855","false"
"1856","false"
"1857","false"
"1858","true"
"1859","false"
"1860","true"
"1861","false"
"1862","false"
"1863","true"
"1864","false"
"1865","false"
"1866","false"
"1867","false"
"1868","false"
"1869","true"
"1870","true"
"1871","true"
"1872","false"
"1873","true"
"1874","false"
"1875","false"
"1876","false"
"1877","true"
"1878","true"
"1879","true"
"1880","true"
"1881","false"
"1882","true"
"1883","true"
"1884","true"
"1885","true"
"1886","true"
"1887","true"
"1888","true"
"1889","true"
"1890","true"
"1891","true"
"1892","true"
"1893","true"
"1894","false"
"1895","false"
"1896","false"
"1897","true"
"1898","false"
"1899","false"
"1900","false"
"1901","true"
"1902","true"
"1903","true"
"1904","false"
"1905","true"
"1906","false"
"1907","false"
"1908","true"
"1909","false"
"1910","true"
"1911","true"
"1912","false"
"1913","true"
"1914","true"
"1915","false"
"1916","false"
"1917","true"
"1918","false"
"1919","true"
"1920","false"
"1921","false"
"1922","true"
"1923","false"
"1924","false"
"1925","false"
"1926","true"
"1927","false"
"1928","true"
"1929","true"
"1930","true"
"1931","false"
"1932","false"
"1933","false"
"1934","true"
"1935","true"
"1936","false"
"1937","true"
"1938","false"
"1939","true"
"1940","true"
"1941","true"
"1942","true"
"1943","false"
"1944","false"
"1945","true"
"1946","false"
"1947","true"
"1948","false"
"1949","true"
"1950","false"
"1951","false"
"1952","true"
"1953","false"
"1954","false"
"1955","false"
"1956","false"
"1957","false"
"1958","true"
"1959","false"
"1960","true"
"1961","false"
"1962","false"
"1963","false"
"1964","false"
"1965","true"
"1966","false"
"1967","true"
"1968","false"
"1969","true"
"1970","false"
"1971","false"
"1972","false"
"1973","true"
"1974","false"
"1975","true"
"1976","true"
"1977","true"
"1978","true"
"1979","true"
"1980","true"
"1981","false"
"1982","false"
"1983","true"
"1984","false"
"1985","false"
"1986","true"
"1987","true"
"1988","true"
"1989","false"
"1990","true"
"1991","true"
"1992","false"
"1993","false"
"1994","true"
"1995","true"
"1996","false"
"1997","false"
"1998","false"
"1999","true"
"2000","true"
"2001","false"
"2002","false"
"2003","true"
"2004","true"
"2005","false"
"2006","false"
"2007","true"
"2008","true"
"2009","true"
"2010","true"
"2011","false"
"2012","true"
"2013","true"
"2014","false"
"2015","false"
"2016","true"
"2017","true"
"2018","true"
"2019","true"
"2020","false"
"2021","false"
"2022","true"
"2023","true"
"2024","false"
"2025","true"
"2026","true"
"2027","false"
"2028","true"
"2029","false"
"2030","false"
"2031","true"
"2032","false"
"2033","false"
"2034","false"
"2035","false"
"2036","false"
"2037","true"
"2038","true"
"2039","false"
"2040","false"
"2041","false"
"2042","false"
"2043","false"
"2044","true"
"2045","true"
"2046","false"
"2047","false"
"2048","false"
"2049","false"
"2050","false"
"2051","false"
"2052","false"
"2053","true"
"2054","false"
"2055","false"
"2056","true"
"2057","false"
"2058","true"
"2059","false"
"2060","true"
"2061","true"
"2062","false"
"2063","true"
"2064","false"
"2065","false"
"2066","true"
"2067","true"
"2068","true"
"2069","true"
"2070","false"
"2071","false"
"2072","true"
"2073","false"
"2074","false"
"2075","false"
"2076","false"
"2077","false"
"2078","true"
"2079","false"
"2080","true"
"2081","false"
"2082","false"
"2083","true"
"2084","false"
"2085","true"
"2086","true"
"2087","false"
"2088","true"
"2089","true"
"2090","true"
"2091","false"
"2092","true"
"2093","false"
"2094","true"
"2095","false"
"2096","true"
"2097","false"
"2098","false"
"2099","true"
"2100","true"
"2101","true"
"2102","true"
"2103","true"
"2104","false"
"2105","false"
"2106","false"
"2107","false"
"2108","true"
"2109","true"
"2110","true"
"2111","true"
"2112","true"
"2113","true"
"2114","false"
"2115","true"
"2116","true"
"2117","true"
"2118","false"
"2119","false"
"2120","false"
"2121","false"
"2122","false"
"2123","false"
"2124","true"
"2125","true"
"2126","true"
"2127","false"
"2128","false"
"2129","false"
"2130","false"
"2131","false"
"2132","true"
"2133","true"
"2134","false"
"2135","false"
"2136","false"
"2137","true"
"2138","true"
"2139","true"
"2140","false"
"2141","false"
"2142","true"
"2143","true"
"2144","true"
"2145","true"
"2146","false"
"2147","true"
"2148","true"
"2149","true"
"2150","true"
"2151","true"
"2152","true"
"2153","false"
"2154","true"
"2155","false"
"2156","false"
"2157","false"
"2158","true"
"2159","false"
"2160","true"
"2161","false"
"2162","false"
"2163","false"
"2164","true"
"2165","true"
"2166","true"
"2167","true"
"2168","true"
"2169","true"
"2170","true"
"2171","true"
"2172","false"
"2173","true"
"2174","true"
"2175","false"
"2176","false"
"2177","false"
"2178","false"
"2179","true"
"2180","false"
"2181","true"
"2182","false"
"2183","true"
"2184","false"
"2185","true"
"2186","false"
"2187","true"
"2188","false"
"2189","false"
"2190","true"
"2191","false"
"2192","true"
"2193","false"
"2194","true"
"2195","true"
"2196","false"
"2197","false"
"2198","false"
"2199","false"
"2200","true"
"2201","true"
"2202","false"
"2203","true"
"2204","true"
"2205","true"
"2206","true"
"2207","true"
"2208","true"
"2209","true"
"2210","true"
"2211","true"
"2212","true"
"2213","false"
"2214","false"
"2215","true"
"2216","false"
"2217","false"
"2218","false"
"2219","false"
"2220","true"
"2221","false"
"2222","true"
"2223","false"
"2224","false"
"2225","true"
"2226","true"
"2227","false"
"2228","true"
"2229","false"
"2230","false"
"2231","true"
"2232","true"
"2233","true"
"2234","false"
"2235","false"
"2236","true"
"2237","false"
"2238","false"
"2239","false"
"2240","false"
"2241","false"
"2242","true"
"2243","true"
"2244","true"
"2245","true"
"2246","true"
"2247","false"
"2248","true"
"2249","false"
"2250","false"
"2251","false"
"2252","false"
"2253","false"
"2254","false"
"2255","false"
"2256","true"
"2257","true"
"2258","false"
"2259","true"
"2260","false"
"2261","false"
"2262","false"
"2263","false"
"2264","true"
"2265","false"
"2266","false"
"2267","true"
"2268","false"
"2269","true"
"2270","false"
"2271","false"
"2272","false"
"2273","false"
"2274","true"
"2275","false"
"2276","true"
"2277","false"
"2278","true"
"2279","true"
"2280","false"
"2281","true"
"2282","true"
"2283","true"
"2284","false"
"2285","true"
"2286","false"
"2287","false"
"2288","true"
"2289","false"
"2290","true"
"2291","false"
"2292","false"
"2293","true"
"2294","false"
"2295","true"
"2296","true"
"2297","false"
"2298","true"
"2299","true"
"2300","true"
"2301","false"
"2302","true"
"2303","false"
"2304","true"
"2305","false"
"2306","true"
"2307","false"
"2308","true"
"2309","true"
"2310","false"
"2311","false"
"2312","false"
"2313","false"
"2314","false"
"2315","true"
"2316","false"
"2317","true"
"2318","false"
"2319","true"
"2320","true"
"2321","false"
"2322","true"
"2323","true"
"2324","true"
"2325","false"
"2326","false"
"2327","false"
"2328","true"
"2329","false"
"2330","true"
"2331","false"
"2332","true"
"2333","true"
"2334","false"
"2335","false"
"2336","true"
"2337","false"
"2338","false"
"2339","true"
"2340","false"
"2341","false"
"2342","true"
"2343","false"
"2344","false"
"2345","false"
"2346","false"
"2347","true"
"2348","true"
"2349","false"
"2350","true"
"2351","true"
"2352","false"
"2353","false"
"2354","true"
"2355","false"
"2356","true"
"2357","false"
"2358","true"
"2359","false"
"2360","false"
"2361","false"
"2362","true"
"2363","true"
"2364","false"
"2365","false"
"2366","false"
"2367","true"
"2368","false"
"2369","true"
"2370","false"
"2371","true"
"2372","true"
"2373","true"
"2374","false"
"2375","true"
"2376","false"
"2377","true"
"2378","true"
"2379","false"
"2380","false"
"2381","false"
"2382","false"
"2383","true"
"2384","true"
"2385","false"
"2386","false"
"2387","false"
"2388","true"
"2389","true"
"2390","false"
"2391","false"
"2392","true"
"2393","true"
"2394","true"
"2395","false"
"2396","true"
"2397","false"
"2398","false"
"2399","false"
"2400","false"
"2401","true"
"2402","false"
"2403","true"
"2404","true"
"2405","false"
"2406","false"
"2407","false"
"2408","true"
"2409","true"
"2410","true"
"2411","true"
"2412","false"
"2413","true"
"2414","true"
"2415","false"
"2416","true"
"2417","false"
"2418","false"
"2419","false"
"2420","false"
"2421","false"
"2422","true"
"2423","false"
"2424","true"
"2425","true"
"2426","true"
"2427","false"
"2428","true"
"2429","true"
"2430","false"
"2431","true"
"2432","true"
"2433","true"
"2434","false"
"2435","false"
"2436","false"
"2437","true"
"2438","false"
"2439","true"
"2440","true"
"2441","true"
"2442","false"
"2443","true"
"2444","true"
"2445","true"
"2446","true"
"2447","true"
"2448","false"
"2449","true"
"2450","false"
"2451","true"
"2452","false"
"2453","true"
"2454","true"
"2455","false"
"2456","true"
"2457","true"
"2458","true"
"2459","true"
"2460","false"
"2461","false"
"2462","true"
"2463","true"
"2464","false"
"2465","false"
"2466","true"
"2467","true"
"2468","true"
"2469","false"
"2470","true"
"2471","true"
"2472","false"
"2473","true"
"2474","true"
"2475","true"
"2476","false"
"2477","true"
"2478","true"
"2479","true"
"2480","false"
"2481","false"
"2482","true"
"2483","false"
"2484","true"
"2485","false"
"2486","false"
"2487","true"
"2488","false"
"2489","false"
"2490","false"
"2491","false"
"2492","false"
"2493","true"
"2494","false"
"2495","true"
"2496","true"
"2497","false"
"2498","false"
"2499","false"
"2500","false"
"2501","false"
"2502","false"
"2503","false"
"2504","false"
"2505","false"
"2506","true"
"2507","false"
"2508","true"
"2509","false"
"2510","false"
"2511","true"
"2512","true"
"2513","true"
"2514","true"
"2515","true"
"2516","true"
"2517","false"
"2518","false"
"2519","false"
"2520","true"
"2521","true"
"2522","true"
"2523","false"
"2524","true"
"2525","false"
"2526","false"
"2527","false"
"2528","false"
"2529","true"
"2530","false"
"2531","false"
"2532","false"
"2533","true"
"2534","true"
"2535","true"
"2536","true"
"2537","false"
"2538","true"
"2539","false"
"2540","true"
"2541","true"
"2542","false"
"2543","false"
"2544","false"
"2545","true"
"2546","false"
"2547","true"
"2548","true"
"2549","true"
"2550","true"
"2551","true"
"2552","true"
"2553","true"
"2554","false"
"2555","false"
"2556","true"
"2557","true"
"2558","false"
"2559","true"
"2560","true"
"2561","false"
"2562","true"
"2563","true"
"2564","false"
"2565","false"
"2566","true"
"2567","true"
"2568","false"
"2569","false"
"2570","false"
"2571","false"
"2572","true"
"2573","true"
"2574","true"
"2575","false"
"2576","false"
"2577","false"
"2578","false"
"2579","true"
"2580","true"
"2581","true"
"2582","false"
"2583","false"
"2584","false"
"2585","false"
"2586","false"
"2587","true"
"2588","true"
"2589","true"
"2590","false"
"2591","false"
"2592","false"
"2593","true"
"2594","true"
"2595","true"
"2596","true"
"2597","true"
"2598","false"
"2599","true"
"2600","true"
"2601","true"
"2602","false"
"2603","false"
"2604","true"
"2605","true"
"2606","true"
"2607","false"
"2608","false"
"2609","true"
"2610","true"
"2611","true"
"2612","false"
"2613","false"
"2614","false"
"2615","false"
"2616","true"
"2617","false"
"2618","false"
"2619","false"
"2620","true"
"2621","false"
"2622","false"
"2623","false"
"2624","false"
"2625","true"
"2626","false"
"2627","false"
"2628","true"
"2629","true"
"2630","false"
"2631","true"
"2632","false"
"2633","false"
"2634","true"
"2635","true"
"2636","true"
"2637","false"
"2638","true"
"2639","true"
"2640","true"
"2641","true"
"2642","true"
"2643","false"
"2644","false"
"2645","true"
"2646","false"
"2647","false"
"2648","false"
"2649","false"
"2650","false"
"2651","false"
"2652","false"
"2653","false"
"2654","false"
"2655","true"
"2656","true"
"2657","true"
"2658","true"
"2659","true"
"2660","true"
"2661","false"
"2662","true"
"2663","false"
"2664","false"
"2665","false"
"2666","false"
"2667","true"
"2668","true"
"2669","true"
"2670","false"
"2671","true"
"2672","false"
"2673","true"
"2674","true"
"2675","false"
"2676","false"
"2677","false"
"2678","true"
"2679","false"
"2680","true"
"2681","false"
"2682","true"
"2683","false"
"2684","false"
"2685","true"
"2686","false"
"2687","false"
"2688","true"
"2689","true"
"2690","true"
"2691","true"
"2692","true"
"2693","true"
"2694","true"
"2695","false"
"2696","false"
"2697","false"
"2698","true"
"2699","true"
"2700","false"
"2701","true"
"2702","false"
"2703","true"
"2704","false"
"2705","true"
"2706","true"
"2707","false"
"2708","false"
"2709","false"
"2710","true"
"2711","true"
"2712","true"
"2713","true"
"2714","true"
"2715","true"
"2716","true"
"2717","false"
"2718","true"
"2719","true"
"2720","false"
"2721","true"
"2722","true"
"2723","true"
"2724","true"
"2725","true"
"2726","true"
"2727","true"
"2728","false"
"2729","true"
"2730","false"
"2731","false"
"2732","false"
"2733","true"
"2734","false"
"2735","true"
"2736","false"
"2737","true"
"2738","false"
"2739","true"
"2740","false"
"2741","true"
"2742","false"
"2743","false"
"2744","false"
"2745","false"
"2746","false"
"2747","false"
"2748","true"
"2749","false"
"2750","false"
"2751","true"
"2752","true"
"2753","true"
"2754","true"
"2755","true"
"2756","false"
"2757","true"
"2758","true"
"2759","false"
"2760","true"
"2761","true"
"2762","true"
"2763","true"
"2764","false"
"2765","false"
"2766","true"
"2767","false"
"2768","false"
"2769","true"
"2770","true"
"2771","true"
"2772","false"
"2773","false"
"2774","false"
"2775","true"
"2776","true"
"2777","false"
"2778","true"
"2779","true"
"2780","false"
"2781","false"
"2782","true"
"2783","true"
"2784","false"
"2785","false"
"2786","true"
"2787","true"
"2788","true"
"2789","true"
"2790","false"
"2791","false"
"2792","false"
"2793","true"
"2794","true"
"2795","true"
"2796","true"
"2797","true"
"2798","false"
"2799","false"
"2800","false"
"2801","true"
"2802","true"
"2803","false"
"2804","false"
"2805","false"
"2806","true"
"2807","false"
"2808","true"
"2809","true"
"2810","true"
"2811","true"
"2812","true"
"2813","false"
"2814","true"
"2815","false"
"2816","true"
"2817","true"
"2818","false"
"2819","false"
"2820","false"
"2821","true"
"2822","true"
"2823","true"
"2824","true"
"2825","false"
"2826","true"
"2827","false"
"2828","true"
"2829","true"
"2830","false"
"2831","true"
"2832","true"
"2833","false"
"2834","false"
"2835","false"
"2836","true"
"2837","true"
"2838","false"
"2839","false"
"2840","true"
"2841","true"
"2842","true"
"2843","true"
"2844","false"
"2845","false"
"2846","true"
"2847","false"
"2848","true"
"2849","true"
"2850","true"
"2851","true"
"2852","true"
"2853","false"
"2854","true"
"2855","false"
"2856","false"
"2857","true"
"2858","false"
"2859","true"
"2860","true"
"2861","false"
"2862","true"
"2863","true"
"2864","true"
"2865","true"
"2866","false"
"2867","true"
"2868","false"
"2869","false"
"2870","true"
"2871","true"
"2872","false"
"2873","false"
"2874","false"
"2875","true"
"2876","true"
"2877","true"
"2878","false"
"2879","false"
"2880","true"
"2881","false"
"2882","false"
"2883","false"
"2884","false"
"2885","true"
"2886","false"
"2887","false"
"2888","true"
"2889","true"
"2890","true"
"2891","true"
"2892","true"
"2893","true"
"2894","true"
"2895","false"
"2896","false"
"2897","true"
"2898","false"
"2899","true"
"2900","false"
"2901","false"
"2902","true"
"2903","true"
"2904","false"
"2905","true"
"2906","true"
"2907","false"
"2908","false"
"2909","true"
"2910","true"
"2911","true"
"2912","true"
"2913","false"
"2914","true"
"2915","false"
"2916","false"
"2917","false"
"2918","false"
"2919","true"
"2920","false"
"2921","false"
"2922","false"
"2923","true"
"2924","false"
"2925","true"
"2926","false"
"2927","false"
"2928","false"
"2929","true"
"2930","false"
"2931","false"
"2932","false"
"2933","true"
"2934","false"
"2935","false"
"2936","true"
"2937","false"
"2938","false"
"2939","true"
"2940","true"
"2941","true"
"2942","false"
"2943","true"
"2944","false"
"2945","false"
"2946","true"
"2947","false"
"2948","true"
"2949","false"
"2950","true"
"2951","true"
"2952","true"
"2953","false"
"2954","true"
"2955","true"
"2956","false"
"2957","true"
"2958","true"
"2959","true"
"2960","true"
"2961","false"
"2962","false"
"2963","false"
"2964","false"
"2965","true"
"2966","true"
"2967","true"
"2968","true"
"2969","true"
"2970","false"
"2971","false"
"2972","false"
"2973","true"
"2974","true"
"2975","false"
"2976","true"
"2977","false"
"2978","false"
"2979","false"
"2980","false"
"2981","false"
"2982","false"
"2983","true"
"2984","false"
"2985","true"
"2986","true"
"2987","true"
"2988","true"
"2989","true"
"2990","false"
"2991","true"
"2992","true"
"2993","false"
"2994","false"
"2995","true"
"2996","true"
"2997","false"
"2998","false"
"2999","true"
"3000","true"
"3001","false"
"3002","true"
"3003","false"
"3004","true"
"3005","true"
"3006","false"
"3007","false"
"3008","false"
"3009","true"
"3010","false"
"3011","true"
"3012","true"
"3013","false"
"3014","true"
"3015","false"
"3016","false"
"3017","false"
"3018","true"
"3019","true"
"3020","true"
"3021","true"
"3022","true"
"3023","true"
"3024","true"
"3025","false"
"3026","true"
"3027","true"
"3028","false"
"3029","true"
"3030","true"
"3031","false"
"3032","true"
"3033","false"
"3034","true"
"3035","true"
"3036","true"
"3037","true"
"3038","false"
"3039","false"
"3040","false"
"3041","true"
"3042","false"
"3043","true"
"3044","false"
"3045","true"
"3046","false"
"3047","false"
"3048","false"
"3049","false"
"3050","true"
"3051","false"
"3052","false"
"3053","true"
"3054","true"
"3055","true"
"3056","true"
"3057","false"
"3058","true"
"3059","false"
"3060","true"
"3061","false"
"3062","true"
"3063","false"
"3064","false"
"3065","false"
"3066","false"
"3067","true"
"3068","false"
"3069","true"
"3070","false"
"3071","false"
"3072","false"
"3073","false"
"3074","false"
"3075","true"
"3076","false"
"3077","true"
"3078","false"
"3079","false"
"3080","false"
"3081","false"
"3082","true"
"3083","false"
"3084","false"
"3085","false"
"3086","true"
"3087","true"
"3088","true"
"3089","true"
"3090","false"
"3091","true"
"3092","false"
"3093","true"
"3094","true"
"3095","true"
"3096","true"
"3097","false"
"3098","true"
"3099","true"
"3100","true"
"3101","false"
"3102","false"
"3103","false"
"3104","false"
"3105","true"
"3106","true"
"3107","false"
"3108","true"
"3109","false"
"3110","false"
"3111","false"
"3112","false"
"3113","true"
"3114","true"
"3115","true"
"3116","true"
"3117","true"
"3118","true"
"3119","false"
"3120","false"
"3121","true"
"3122","false"
"3123","false"
"3124","false"
"3125","true"
"3126","false"
"3127","false"
"3128","false"
"3129","true"
"3130","false"
"3131","false"
"3132","false"
"3133","false"
"3134","false"
"3135","false"
"3136","true"
"3137","true"
"3138","false"
"3139","false"
"3140","true"
"3141","true"
"3142","true"
"3143","true"
"3144","false"
"3145","true"
"3146","false"
"3147","true"
"3148","true"
"3149","false"
"3150","true"
"3151","true"
"3152","false"
"3153","false"
"3154","false"
"3155","true"
"3156","true"
"3157","false"
"3158","true"
"3159","true"
"3160","true"
"3161","true"
"3162","true"
"3163","true"
"3164","false"
"3165","true"
"3166","true"
"3167","false"
"3168","false"
"3169","false"
"3170","true"
"3171","true"
"3172","true"
"3173","true"
"3174","true"
"3175","true"
"3176","false"
"3177","false"
"3178","false"
"3179","false"
"3180","false"
"3181","true"
"3182","true"
"3183","false"
"3184","false"
"3185","true"
"3186","false"
"3187","false"
"3188","false"
"3189","true"
"3190","false"
"3191","true"
"3192","false"
"3193","true"
"3194","true"
"3195","true"
"3196","true"
"3197","true"
"3198","true"
"3199","true"
"3200","false"
"3201","true"
"3202","false"
"3203","false"
"3204","false"
"3205","true"
"3206","false"
"3207","true"
"3208","false"
"3209","false"
"3210","true"
"3211","true"
"3212","false"
"3213","false"
"3214","false"
"3215","true"
"3216","true"
"3217","true"
"3218","false"
"3219","false"
"3220","true"
"3221","true"
"3222","false"
"3223","true"
"3224","true"
"3225","true"
"3226","false"
"3227","true"
"3228","false"
"3229","true"
"3230","true"
"3231","true"
"3232","true"
"3233","false"
"3234","false"
"3235","false"
"3236","true"
"3237","false"
"3238","true"
"3239","true"
"3240","false"
"3241","true"
"3242","true"
"3243","true"
"3244","false"
"3245","true"
"3246","true"
"3247","false"
"3248","true"
"3249","false"
"3250","true"
"3251","true"
"3252","false"
"3253","false"
"3254","true"
"3255","true"
"3256","false"
"3257","true"
"3258","true"
"3259","true"
"3260","true"
"3261","true"
"3262","true"
"3263","false"
"3264","false"
"3265","false"
"3266","false"
"3267","false"
"3268","true"
"3269","false"
"3270","true"
"3271","false"
"3272","false"
"3273","false"
"3274","true"
"3275","true"
"3276","false"
"3277","false"
"3278","true"
"3279","false"
"3280","false"
"3281","false"
"3282","true"
"3283","true"
"3284","true"
"3285","true"
"3286","true"
"3287","true"
"3288","false"
"3289","false"
"3290","true"
"3291","true"
"3292","false"
"3293","true"
"3294","true"
"3295","false"
"3296","true"
"3297","true"
"3298","true"
"3299","false"
"3300","true"
"3301","true"
"3302","true"
"3303","false"
"3304","true"
"3305","true"
"3306","true"
"3307","false"
"3308","true"
"3309","true"
"3310","true"
"3311","false"
"3312","true"
"3313","true"
"3314","false"
"3315","false"
"3316","false"
"3317","false"
"3318","false"
"3319","false"
"3320","true"
"3321","true"
"3322","false"
"3323","true"
"3324","true"
"3325","false"
"3326","false"
"3327","true"
"3328","false"
"3329","true"
"3330","false"
"3331","true"
"3332","false"
"3333","false"
"3334","false"
"3335","false"
"3336","true"
"3337","true"
"3338","false"
"3339","true"
"3340","false"
"3341","false"
"3342","false"
"3343","true"
"3344","true"
"3345","true"
"3346","false"
"3347","false"
"3348","true"
"3349","true"
"3350","false"
"3351","true"
"3352","false"
"3353","false"
"3354","true"
"3355","true"
"3356","false"
"3357","false"
"3358","true"
"3359","true"
"3360","true"
"3361","false"
"3362","true"
"3363","false"
"3364","false"
"3365","true"
"3366","false"
"3367","true"
"3368","false"
"3369","true"
"3370","false"
"3371","true"
"3372","true"
"3373","true"
"3374","false"
"3375","true"
"3376","true"
"3377","false"
"3378","true"
"3379","true"
"3380","true"
"3381","true"
"3382","false"
"3383","false"
"3384","true"
"3385","true"
"3386","true"
"3387","false"
"3388","true"
"3389","true"
"3390","false"
"3391","true"
"3392","true"
"3393","true"
"3394","true"
"3395","false"
"3396","false"
"3397","false"
"3398","false"
"3399","false"
"3400","true"
"3401","true"
"3402","false"
"3403","true"
"3404","false"
"3405","true"
"3406","true"
"3407","true"
"3408","true"
"3409","false"
"3410","false"
"3411","true"
"3412","false"
"3413","true"
"3414","true"
"3415","false"
"3416","false"
"3417","false"
"3418","false"
"3419","false"
"3420","false"
"3421","false"
"3422","false"
"3423","true"
"3424","true"
"3425","false"
"3426","false"
"3427","false"
"3428","true"
"3429","true"
"3430","false"
"3431","true"
"3432","false"
"3433","true"
"3434","false"
"3435","false"
"3436","true"
"3437","true"
"3438","true"
"3439","false"
"3440","true"
"3441","false"
"3442","true"
"3443","true"
"3444","true"
"3445","false"
"3446","true"
"3447","true"
"3448","false"
"3449","false"
"3450","false"
"3451","true"
"3452","true"
"3453","true"
"3454","true"
"3455","false"
"3456","true"
"3457","true"
"3458","true"
"3459","true"
"3460","false"
"3461","false"
"3462","true"
"3463","true"
"3464","false"
"3465","true"
"3466","true"
"3467","false"
"3468","true"
"3469","false"
"3470","true"
"3471","true"
"3472","false"
"3473","true"
"3474","false"
"3475","false"
"3476","false"
"3477","true"
"3478","false"
"3479","false"
"3480","false"
"3481","false"
"3482","true"
"3483","true"
"3484","true"
"3485","false"
"3486","true"
"3487","true"
"3488","true"
"3489","true"
"3490","true"
"3491","false"
"3492","true"
"3493","true"
"3494","true"
"3495","false"
"3496","true"
"3497","false"
"3498","true"
"3499","false"
"3500","true"
"3501","false"
"3502","true"
"3503","true"
"3504","false"
"3505","true"
"3506","false"
"3507","false"
"3508","false"
"3509","false"
"3510","true"
"3511","true"
"3512","false"
"3513","false"
"3514","true"
"3515","false"
"3516","false"
"3517","true"
"3518","false"
"3519","true"
"3520","false"
"3521","true"
"3522","true"
"3523","true"
"3524","true"
"3525","true"
"3526","true"
"3527","false"
"3528","true"
"3529","true"
"3530","false"
"3531","true"
"3532","false"
"3533","true"
"3534","true"
"3535","false"
"3536","true"
"3537","false"
"3538","false"
"3539","false"
"3540","false"
"3541","true"
"3542","true"
"3543","true"
"3544","false"
"3545","false"
"3546","true"
"3547","true"
"3548","true"
"3549","false"
"3550","true"
"3551","true"
"3552","false"
"3553","false"
"3554","false"
"3555","false"
"3556","false"
"3557","true"
"3558","true"
"3559","true"
"3560","false"
"3561","false"
"3562","true"
"3563","false"
"3564","true"
"3565","false"
"3566","true"
"3567","true"
"3568","true"
"3569","false"
"3570","true"
"3571","true"
"3572","false"
"3573","true"
"3574","true"
"3575","true"
"3576","false"
"3577","true"
"3578","false"
"3579","false"
"3580","true"
"3581","false"
"3582","false"
"3583","true"
"3584","true"
"3585","false"
"3586","true"
"3587","true"
"3588","false"
"3589","false"
"3590","true"
"3591","false"
"3592","true"
"3593","false"
"3594","true"
"3595","false"
"3596","true"
"3597","true"
"3598","false"
"3599","true"
"3600","false"
"3601","false"
"3602","true"
"3603","true"
"3604","false"
"3605","true"
"3606","false"
"3607","true"
"3608","false"
"3609","false"
"3610","false"
"3611","true"
"3612","true"
"3613","true"
"3614","false"
"3615","true"
"3616","true"
"3617","true"
"3618","true"
"3619","true"
"3620","true"
"3621","false"
"3622","false"
"3623","false"
"3624","false"
"3625","false"
"3626","false"
"3627","true"
"3628","false"
"3629","true"
"3630","false"
"3631","true"
"3632","true"
"3633","false"
"3634","false"
"3635","false"
"3636","true"
"3637","true"
"3638","true"
"3639","false"
"3640","false"
"3641","false"
"3642","false"
"3643","true"
"3644","true"
"3645","true"
"3646","true"
"3647","false"
"3648","false"
"3649","true"
"3650","false"
"3651","true"
"3652","false"
"3653","false"
"3654","false"
"3655","false"
"3656","true"
"3657","false"
"3658","true"
"3659","true"
"3660","true"
"3661","false"
"3662","true"
"3663","true"
"3664","false"
"3665","true"
"3666","false"
"3667","true"
"3668","false"
"3669","false"
"3670","false"
"3671","false"
"3672","false"
"3673","true"
"3674","true"
"3675","true"
"3676","true"
"3677","true"
"3678","true"
"3679","true"
"3680","true"
"3681","false"
"3682","false"
"3683","false"
"3684","true"
"3685","true"
"3686","true"
"3687","false"
"3688","false"
"3689","false"
"3690","false"
"3691","true"
"3692","true"
"3693","true"
"3694","false"
"3695","true"
"3696","true"
"3697","false"
"3698","true"
"3699","true"
"3700","true"
"3701","true"
"3702","true"
"3703","true"
"3704","false"
"3705","false"
"3706","false"
"3707","true"
"3708","true"
"3709","true"
"3710","true"
"3711","false"
"3712","false"
"3713","true"
"3714","true"
"3715","true"
"3716","true"
"3717","false"
"3718","false"
"3719","false"
"3720","true"
"3721","true"
"3722","true"
"3723","true"
"3724","false"
"3725","true"
"3726","true"
"3727","true"
"3728","false"
"3729","false"
"3730","false"
"3731","false"
"3732","true"
"3733","true"
"3734","true"
"3735","false"
"3736","true"
"3737","true"
"3738","false"
"3739","true"
"3740","false"
"3741","false"
"3742","true"
"3743","true"
"3744","false"
"3745","true"
"3746","false"
"3747","false"
"3748","false"
"3749","true"
"3750","false"
"3751","false"
"3752","false"
"3753","false"
"3754","false"
"3755","true"
"3756","true"
"3757","false"
"3758","true"
"3759","true"
"3760","true"
"3761","false"
"3762","true"
"3763","true"
"3764","false"
"3765","false"
"3766","false"
"3767","true"
"3768","true"
"3769","true"
"3770","true"
"3771","true"
"3772","true"
"3773","false"
"3774","true"
"3775","false"
"3776","false"
"3777","false"
"3778","false"
"3779","false"
"3780","true"
"3781","true"
"3782","true"
"3783","true"
"3784","true"
"3785","true"
"3786","false"
"3787","true"
"3788","true"
"3789","false"
"3790","true"
"3791","false"
"3792","false"
"3793","true"
"3794","true"
"3795","true"
"3796","true"
"3797","true"
"3798","false"
"3799","false"
"3800","false"
"3801","true"
"3802","true"
"3803","false"
"3804","false"
"3805","true"
"3806","false"
"3807","false"
"3808","true"
"3809","false"
"3810","true"
"3811","false"
"3812","false"
"3813","false"
"3814","false"
"3815","false"
"3816","true"
"3817","true"
"3818","true"
"3819","false"
"3820","false"
"3821","false"
"3822","false"
"3823","true"
"3824","true"
"3825","true"
"3826","true"
"3827","false"
"3828","true"
"3829","false"
"3830","true"
"3831","true"
"3832","false"
"3833","true"
"3834","true"
"3835","true"
"3836","true"
"3837","false"
"3838","false"
"3839","false"
"3840","true"
"3841","false"
"3842","true"
"3843","true"
"3844","true"
"3845","true"
"3846","true"
"3847","true"
"3848","true"
"3849","false"
"3850","false"
"3851","false"
"3852","false"
"3853","true"
"3854","true"
"3855","true"
"3856","false"
"3857","true"
"3858","true"
"3859","false"
"3860","false"
"3861","true"
"3862","false"
"3863","true"
"3864","true"
"3865","true"
"3866","false"
"3867","true"
"3868","true"
"3869","true"
"3870","false"
"3871","true"
"3872","false"
"3873","true"
"3874","true"
"3875","false"
"3876","false"
"3877","false"
"3878","true"
"3879","true"
"3880","false"
"3881","true"
"3882","false"
"3883","true"
"3884","true"
"3885","true"
"3886","false"
"3887","false"
"3888","false"
"3889","false"
"3890","true"
"3891","true"
"3892","false"
"3893","false"
"3894","false"
"3895","true"
"3896","false"
"3897","false"
"3898","false"
"3899","true"
"3900","true"
"3901","true"
"3902","false"
"3903","true"
"3904","true"
"3905","true"
"3906","false"
"3907","true"
"3908","true"
"3909","false"
"3910","true"
"3911","false"
"3912","true"
"3913","true"
"3914","true"
"3915","true"
"3916","false"
"3917","false"
"3918","true"
"3919","true"
"3920","false"
"3921","false"
"3922","false"
"3923","false"
"3924","true"
"3925","false"
"3926","true"
"3927","false"
"3928","false"
"3929","false"
"3930","true"
"3931","true"
"3932","true"
"3933","true"
"3934","false"
"3935","false"
"3936","false"
"3937","true"
"3938","true"
"3939","false"
"3940","false"
"3941","false"
"3942","false"
"3943","true"
"3944","true"
"3945","true"
"3946","true"
"3947","false"
"3948","true"
"3949","true"
"3950","true"
"3951","true"
"3952","false"
"3953","false"
"3954","false"
"3955","true"
"3956","false"
"3957","true"
"3958","true"
"3959","false"
"3960","false"
"3961","false"
"3962","true"
"3963","true"
"3964","true"
"3965","true"
"3966","true"
"3967","false"
"3968","true"
"3969","false"
"3970","false"
"3971","false"
"3972","false"
"3973","true"
"3974","true"
"3975","true"
"3976","true"
"3977","true"
"3978","false"
"3979","true"
"3980","true"
"3981","true"
"3982","false"
"3983","true"
"3984","false"
"3985","true"
"3986","true"
"3987","false"
"3988","true"
"3989","true"
"3990","false"
"3991","true"
"3992","true"
"3993","true"
"3994","true"
"3995","false"
"3996","true"
"3997","false"
"3998","false"
"3999","false"
"4000","false"
"4001","true"
"4002","true"
"4003","false"
"4004","false"
"4005","true"
"4006","true"
"4007","false"
"4008","false"
"4009","true"
"4010","true"
"4011","false"
"4012","false"
"4013","false"
"4014","false"
"4015","true"
"4016","true"
"4017","false"
"4018","false"
"4019","false"
"4020","false"
"4021","false"
"4022","true"
"4023","false"
"4024","false"
"4025","false"
"4026","true"
"4027","false"
"4028","false"
"4029","false"
"4030","false"
"4031","true"
"4032","false"
"4033","true"
"4034","false"
"4035","true"
"4036","true"
"4037","false"
"4038","false"
"4039","false"
"4040","false"
"4041","true"
"4042","true"
"4043","false"
"4044","true"
"4045","false"
"4046","true"
"4047","true"
"4048","true"
"4049","true"
"4050","true"
"4051","true"
"4052","true"
"4053","true"
"4054","true"
"4055","false"
"4056","false"
"4057","false"
"4058","true"
"4059","true"
"4060","false"
"4061","false"
"4062","true"
"4063","false"
"4064","false"
"4065","false"
"4066","true"
"4067","true"
"4068","false"
"4069","true"
"4070","false"
"4071","true"
"4072","true"
"4073","false"
"4074","true"
"4075","false"
"4076","true"
"4077","true"
"4078","false"
"4079","true"
"4080","true"
"4081","true"
"4082","true"
"4083","false"
"4084","true"
"4085","false"
"4086","true"
"4087","true"
"4088","true"
"4089","false"
"4090","false"
"4091","true"
"4092","false"
"4093","false"
"4094","true"
"4095","true"
"4096","true"
"4097","true"
"4098","false"
"4099","false"
"4100","true"
"4101","true"
"4102","true"
"4103","true"
"4104","true"
"4105","true"
"4106","true"
"4107","true"
"4108","true"
"4109","false"
"4110","true"
"4111","false"
"4112","false"
"4113","false"
"4114","false"
"4115","true"
"4116","false"
"4117","false"
"4118","true"
"4119","false"
"4120","false"
"4121","false"
"4122","false"
"4123","false"
"4124","false"
"4125","true"
"4126","true"
"4127","false"
"4128","true"
"4129","false"
"4130","true"
"4131","false"
"4132","true"
"4133","true"
"4134","false"
"4135","false"
"4136","false"
"4137","true"
"4138","false"
"4139","false"
"4140","true"
"4141","true"
"4142","false"
"4143","true"
"4144","false"
"4145","false"
"4146","true"
"4147","false"
"4148","false"
"4149","false"
"4150","true"
"4151","false"
"4152","false"
"4153","false"
"4154","true"
"4155","false"
"4156","true"
"4157","false"
"4158","true"
"4159","true"
"4160","false"
"4161","true"
"4162","false"
"4163","true"
"4164","true"
"4165","false"
"4166","false"
"4167","false"
"4168","false"
"4169","true"
"4170","true"
"4171","false"
"4172","true"
"4173","true"
"4174","true"
"4175","false"
"4176","false"
"4177","false"
"4178","false"
"4179","true"
"4180","true"
"4181","true"
"4182","false"
"4183","true"
"4184","false"
"4185","true"
"4186","false"
"4187","true"
"4188","true"
"4189","true"
"4190","false"
"4191","false"
"4192","true"
"4193","false"
"4194","true"
"4195","false"
"4196","false"
"4197","false"
"4198","true"
"4199","true"
"4200","false"
"4201","true"
"4202","true"
"4203","true"
"4204","true"
"4205","false"
"4206","true"
"4207","true"
"4208","true"
"4209","false"
"4210","false"
"4211","false"
"4212","false"
"4213","false"
"4214","false"
"4215","false"
"4216","true"
"4217","true"
"4218","false"
"4219","true"
"4220","false"
"4221","false"
"4222","true"
"4223","true"
"4224","true"
"4225","false"
"4226","false"
"4227","true"
"4228","false"
"4229","true"
"4230","true"
"4231","false"
"4232","false"
"4233","false"
"4234","true"
"4235","false"
"4236","false"
"4237","false"
"4238","true"
"4239","false"
"4240","true"
"4241","true"
"4242","true"
"4243","false"
"4244","false"
"4245","true"
"4246","false"
"4247","true"
"4248","false"
"4249","true"
"4250","true"
"4251","false"
"4252","false"
"4253","false"
"4254","true"
"4255","true"
"4256","true"
"4257","true"
"4258","false"
"4259","true"
"4260","true"
"4261","false"
"4262","false"
"4263","true"
"4264","false"
"4265","false"
"4266","true"
"4267","true"
"4268","true"
"4269","false"
"4270","true"
"4271","true"
"4272","true"
"4273","true"
"4274","false"
"4275","true"
"4276","true"
"4277","true"
